,MelonnPan,ENVIM,MMINP,MiMeNet,BiomeNED,mNODE,LOCATE
IBD_RANK,3.666667,2.166667,2.833333,5.666667,5.166667,3.5,5
GC_RANK,4.333333,1.833333,3.666667,4.333333,5.333333,4,4.5
ESRD_RANK,4.0000 ,2.6667 ,3.5000 ,3.6667 ,5.3333 ,3.1667 ,5.6667 
